FID,Eastings,Northings,LST,NDVI,NDMI
0,667759.1603,1410456.418,31.8973007,0.0645634,-0.0806908
1,667970.2328,1410159.893,32.2456017,0.173336,-0.0951205
2,668100.4408,1410251.599,31.9085007,0.0961745,-0.0637587
3,668075.4149,1410344.91,31.6427002,0.174357,-0.0804157
4,668321.5382,1409718.525,32.0252991,0.102667,-0.181689
5,667913.7719,1409919.648,31.8658009,0.0760662,-0.0967081
6,667943.9127,1410214.627,31.8476009,0.127002,-0.0701182
7,668057.0379,1410416.025,32.2160988,0.283468,-0.011355
8,668227.819,1409188.189,32.460701,0.19693,-0.0692755
9,668150.4281,1409221.976,32.5167999,-0.0095906,-0.201368
10,668335.4245,1408983.269,33.0306015,0.146616,-0.133875
11,668281.9067,1409211.257,32.5637016,0.105118,-0.117655
12,668041.4255,1408902.096,32.7402992,0.135334,-0.103808
13,668098.2329,1408852.982,32.7448997,0.0703631,-0.168831
14,668059.2377,1409214.78,32.2745018,0.0815302,-0.123693
15,667958.5932,1409298.37,32.7582016,0.0352561,-0.11896
16,667787.1649,1407666.149,30.4440002,0.140716,-0.106947
17,667716.662,1408147.305,32.1646004,0.131123,-0.0662526
18,668101.5346,1407822.736,31.1294994,0.196746,-0.133187
19,667865.2614,1407727.745,31.0004005,0.155061,-0.0962545
20,668178.2359,1408934.218,33.1932983,0.100171,-0.116885
21,668257.5892,1408986.599,32.9458008,-0.0528578,-0.13586
22,667762.3158,1408190.739,32.8652992,0.13896,-0.140604
23,667814.284,1408380.636,32.9413986,0.126535,-0.137242
24,668034.3548,1408223.477,33.0060005,0.0921529,-0.151769
25,667930.6214,1408030.016,33.7463989,0.148301,-0.161124
26,668076.1905,1408498.823,33.0796013,0.142686,-0.127347
27,664080.5801,1405677.042,33.6553993,0.132802,-0.0912329
28,664230.3359,1405620.52,33.6579018,0.0790279,-0.155373
29,664246.3945,1405805.458,33.3997993,0.166291,-0.118011
30,664113.3136,1405756.261,33.1996994,0.162358,-0.0900014
31,663414.6423,1403673.808,32.0746002,0.288056,-0.0685613
32,663390.367,1403728.706,32.1039009,0.182621,-0.0887519
33,663496.6934,1403607.803,32.1487999,0.101361,-0.0996739
34,663472.7127,1403644.921,32.2229004,0.119755,-0.100939
35,655750.6487,1394968.668,33.4313011,0.0335673,-0.202965
36,656152.8031,1395360.865,32.2048988,0.138079,-0.0462334
37,655570.6031,1394926.349,32.4090996,0.146773,-0.130014
38,655661.8312,1394893.047,32.9077988,0.0932408,-0.18566
39,664408.2946,1405891.321,33.6090012,0.136524,-0.1405
40,664269.6452,1405884.704,33.2955017,0.244881,-0.0954313
41,656143.7831,1395213.579,34.2531013,0.149274,-0.15444
42,664321.0345,1406036.255,33.4645996,0.202743,-0.134362
43,654930.3112,1395151.794,26.6877003,0.1965,-0.0898568
44,654823.4349,1395160.236,27.2569008,0.238744,-0.104731
45,655827.5067,1395906.996,31.3241997,0.229951,-0.0741059
46,655206.1372,1395106.255,27.0811996,0.313409,0.0294344
47,655971.9205,1394744.903,33.9216003,0.103402,-0.154496
48,656064.1138,1395536.049,32.4247017,0.139417,-0.0967024
49,655088.0597,1395124.095,26.9876995,0.181102,-0.101318
50,655143.3232,1395040.367,29.2768993,0.305426,0.0772429
51,655388.7365,1395373.311,28.5258007,0.29534,-0.0359675
52,655338.4039,1395222.984,29.0519009,0.289951,0.0431359
53,655075.5119,1395381.279,30.5646,0.134384,-0.13914
54,655235.747,1395363.786,29.2933998,0.188025,-0.027142
55,655852.92,1395394.476,32.3843002,0.137408,-0.0693823
56,656404.0769,1395391.829,32.7202988,0.14781,-0.105819
57,655368.1082,1394723.726,33.3757019,0.106889,-0.164055
58,655730.0035,1395253.689,32.7470016,0.0983184,-0.139202
59,656849.0721,1396676.152,33.0994987,0.13692,-0.144485
60,656931.9658,1396828.161,31.8451004,0.157352,-0.058267
61,657234.3239,1397323.503,29.5597992,0.201284,-0.100761
62,657165.0691,1397152.404,30.9596004,0.155142,-0.0953984
63,655161.129,1394795.245,33.0796013,0.138753,-0.14322
64,654999.6947,1394998.863,28.8792,0.270211,-0.0032387
65,656836.7621,1396991.771,31.1252003,0.164792,-0.0785328
66,657044.9168,1397007.43,31.7798996,0.199658,-0.0647875
67,658319.1914,1398038.751,34.1693001,0.122907,-0.167959
68,658404.8711,1398141.656,32.5479012,0.10077,-0.0798923
69,658020.1751,1397743.407,33.3200989,0.108039,-0.144846
70,658153.4514,1397860.124,33.8306007,0.158654,-0.117721
71,657388.6893,1396733.849,35.0633011,0.123863,-0.168688
72,657180.7856,1396731.94,33.3333015,0.101171,-0.23288
73,656938.1438,1397096.173,30.6306992,0.08118,-0.120875
74,657397.8251,1396998.994,33.917099,0.0688848,-0.117068
75,657777.6161,1398212.632,31.0547009,0.266403,-0.0717557
76,657795.5125,1398103.096,31.3264008,0.101501,-0.057696
77,660265.7675,1400171.332,32.9412003,0.180558,-0.145818
78,657966.724,1397647.865,32.4719009,0.0612557,-0.131905
79,657629.3078,1397644.214,32.1216011,0.276405,-0.0087891
80,657832.5021,1397658.533,32.1330986,0.118775,-0.108018
81,657727.5472,1398013.89,30.6007004,0.21309,-0.0497587
82,657635.3035,1397959.181,29.8414993,0.201894,-0.0939995
83,659893.7615,1400326.742,31.4347992,0.221239,-0.0237437
84,660111.2955,1400341.925,31.7866001,0.151895,-0.0951288
85,660181.1796,1399792.028,32.6128006,0.0975478,-0.151604
86,659696.5792,1400435.405,27.0953999,0.22844,0.0304986
87,659728.8987,1399808.437,32.4808006,0.0906934,-0.1499
88,659962.4865,1400042.84,32.5502014,0.133948,-0.132235
89,659804.1097,1400228.12,32.0297012,0.236516,-0.0341819
90,659672.4083,1400037.798,32.2946014,0.11325,-0.0368992
91,661843.9664,1402259.447,32.0656013,0.165127,-0.1107
92,661956.2876,1402137.834,31.8295994,0.0805439,-0.104448
93,661749.4628,1402426.599,31.2360992,0.157501,-0.115808
94,661778.0868,1402325.465,31.6830997,0.179208,-0.0381492
95,662356.8751,1401640.503,33.0349007,0.154154,-0.102739
96,662107.8767,1402021.948,33.0261002,0.119198,-0.14797
97,662292.5305,1401732.213,33.2710991,0.111175,-0.1601
98,662430.195,1401829.963,32.644001,0.20422,-0.0678966
99,662429.7441,1402173.789,32.0407982,0.261163,0.0000799
100,665163.9937,1407176.462,28.9554005,0.101351,-0.0561535
101,665172.4382,1407284.889,29.5806007,0.149351,0.0220954
102,662028.8679,1402460.783,31.5496998,0.281681,0.0690976
103,661903.6993,1402465.709,31.4757004,0.13717,-0.0469018
104,662152.124,1402288.613,32.2722015,0.241687,-0.0757979
105,662145.7739,1402357.593,32.0453987,0.156132,-0.0570216
106,665505.8377,1407284.902,28.2180996,0.223913,-0.0810127
107,665494.7691,1407342.203,29.7798004,0.153719,-0.0953716
108,664880.0493,1407007.319,33.9673996,0.164466,-0.0378122
109,665420.7757,1407266.28,28.3659992,0.211139,0.0477215
110,665114.0622,1407381.32,31.7660999,0.226604,-0.0145859
111,665190.9714,1407400.516,32.0096016,0.23847,-0.0079044
112,665374.5036,1407332.213,31.2812004,0.172725,-0.127506
113,665354.5194,1407415.463,32.3103981,0.134658,-0.0755156
114,665293.8802,1406069.119,33.8527985,0.129244,-0.115205
115,665264.1014,1406174.786,33.4645004,0.116173,-0.142633
116,665418.1902,1406124.355,32.6710014,0.0893989,-0.126584
117,665399.1093,1406041.701,32.8429985,0.130564,-0.114072
118,664744.1464,1406579.552,33.7398987,0.137211,-0.133405
119,664698.3027,1406830.472,33.1128998,0.194236,-0.102369
120,665195.3715,1406263.193,33.4222984,0.156247,-0.114825
121,665019.5449,1406392.714,34.1492996,0.102106,-0.156182
122,664793.4177,1406266.52,31.4661007,0.393846,0.126327
123,664826.3086,1406319.235,31.8470001,0.173172,0.0169519
124,664452.3214,1406058.85,32.8833008,0.106399,-0.0832742
125,664705.6337,1406272.363,32.7625999,0.118022,-0.0985401
126,665293.3434,1406293.999,32.8541985,0.0942886,-0.121627
127,665290.2939,1406191.88,33.0639,0.0883113,-0.182711
128,664949.6672,1406279.888,32.5881996,0.120071,-0.108466
129,665008.795,1406220.801,32.6864014,0.236629,-0.0798221
130,664360.1669,1406099.186,32.9166985,0.184655,-0.113708
131,664396.6589,1406250.46,32.7715988,0.230586,-0.148296
132,662242.9379,1402556.021,32.4313011,0.111782,-0.099167
133,662283.0773,1402564.963,32.5094986,0.275164,-0.0042307
134,664502.1363,1406310.816,33.1530991,0.173074,-0.136664
135,664496.1361,1406243.292,32.8408012,0.119358,-0.113758
136,664338.5432,1406315.226,32.9099007,0.213042,-0.0870242
137,664448.8867,1406296.123,33.1509018,0.127494,-0.112114
138,661752.4212,1402616.698,30.3027992,0.155823,-0.0843301
139,661739.4742,1402759.99,27.4834995,0.0976845,0.218056
140,662003.5402,1402576.042,31.9916,0.0930319,-0.0858648
141,661750.6389,1402554.859,30.9664993,0.293582,-0.0349176
142,661996.0183,1402787.694,31.9377003,0.0408579,-0.149862
143,662306.253,1402671.817,33.0060997,0.0347911,-0.166448
144,661805.273,1402788.931,29.052,0.167712,-0.103346
145,661846.9229,1402802.822,30.5828991,0.206831,-0.0489896
146,663248.0782,1403718.22,32.1464005,0.196351,-0.0722727
147,663261.2852,1403637.626,31.6401997,0.154637,-0.0798143
148,663345.4201,1403753.275,32.0564003,0.272334,0.0012374
149,663260.5228,1403764.544,32.240799,0.117147,-0.141598
150,663294.9175,1403583.048,31.5184002,0.195497,-0.055357
151,662099.6059,1402614.839,32.2318001,0.136791,-0.0685869
152,663292.6918,1403675.917,31.5725002,0.17436,-0.0869169
153,663310.9636,1403638.217,31.5002003,0.121678,0.0261937
154,659064.3894,1410825.106,33.6088982,0.133007,-0.174591
155,659106.7196,1410977.284,33.7066002,0.148877,-0.163567
156,658957.4333,1410709.445,32.6058998,0.14093,-0.162827
157,659116.9706,1410712.807,32.3507004,0.168004,-0.160637
158,659101.6196,1411052.677,33.3955994,0.204726,-0.146606
159,659209.7686,1411168.732,32.9880981,0.108717,-0.162689
160,659146.4165,1410939.737,33.4757004,0.101402,-0.148815
161,659146.4576,1410997.586,33.3754997,0.148307,-0.0993359
162,658060.9947,1409683.636,30.8736,0.131314,-0.146523
163,657947.1165,1409804.504,32.8988991,0.109184,-0.157487
164,657818.2304,1409635.292,31.5611992,0.141959,-0.0631483
165,657929.4208,1409642.412,30.0930996,0.0949435,-0.10721
166,658928.9456,1410830.091,32.9524002,0.0894948,-0.128192
167,658937.014,1410750.857,32.589901,0.226672,0.0173083
168,657843.6701,1409846.206,33.0662003,0.102091,-0.147007
169,657870.6634,1409893.052,32.8744011,0.127509,-0.123799
170,656739.4966,1408955.471,33.1264,0.137366,-0.128467
171,658350.0368,1410370.228,32.9882011,0.112213,-0.147323
172,656836.5324,1408774.677,32.9412003,0.0916562,-0.139021
173,656806.9898,1408889.724,33.3666992,0.135789,-0.200335
174,657818.8486,1409723.459,32.2765999,0.221761,-0.101529
175,657844.5897,1409649.407,31.2541008,0.151436,-0.0975269
176,657608.1996,1409688.103,33.4757996,0.0476276,-0.105485
177,657773.5112,1409855.325,33.2913017,0.0977633,-0.126008
178,656786.6558,1408632.476,32.1263008,0.212255,-0.0391952
179,656896.8871,1408596.604,32.7468987,0.160359,-0.117254
180,656592.443,1408802.633,33.4310989,0.13275,-0.121476
181,656642.1708,1408714.665,32.5231018,0.137523,-0.0698772
182,657073.2887,1408749.42,33.3266983,0.0830203,-0.177372
183,656909.4975,1408786.317,33.3067017,0.139261,-0.155144
184,656961.091,1408556.447,32.8070984,0.193657,-0.0735036
185,657167.4532,1408616.732,30.4874001,0.150111,-0.126281
186,655644.3574,1406723.7,31.6040993,0.130258,-0.0844599
187,655556.0024,1406658.171,32.6127014,0.14417,-0.158041
188,655608.1198,1406864.303,32.6954002,0.117106,-0.145671
189,655755.1898,1406786.125,31.1590004,0.144909,-0.121976
190,655562.3225,1406900.112,33.3911018,0.159621,-0.103409
191,656657.5609,1408897.826,33.0416985,0.127811,-0.140615
192,655522.608,1406742.027,33.4177017,0.201915,-0.0988176
193,655526.609,1406801.709,33.3422012,0.163849,-0.0996675
194,666066.3277,1408834.245,31.3262005,0.218263,-0.028228
195,655822.2326,1407433.831,33.7131004,0.167641,-0.182351
196,666313.1412,1408606.905,31.9712009,0.200248,-0.0069126
197,665948.3483,1409970.574,31.2182007,0.052671,-0.0533169
198,655930.8671,1407424.49,32.1240005,0.318591,-0.0746042
199,655905.3201,1407482.604,31.9689999,0.192949,-0.0647999
200,655787.3882,1407348.465,34.0786018,0.1234,-0.177105
201,655917.9918,1407362.868,32.4673004,0.18375,-0.138224
202,665669.4493,1409150.155,30.6553001,0.196686,0.0139996
203,665618.1408,1408921.168,31.2947006,0.237699,-0.0013118
204,665925.9438,1409104.821,30.7870007,0.330559,0.0201396
205,665900.1621,1409200.044,30.7147007,0.113973,0.0053871
206,666318.1744,1409057.479,32.2790985,0.206928,0.0604743
207,666769.1045,1409718.706,32.858799,0.0973817,-0.160881
208,665943.8652,1408855.253,32.0251999,0.127921,-0.089739
209,666028.5798,1408854.188,31.4596004,0.177397,0.0406474
210,666226.8983,1410055.998,31.7215996,0.093602,-0.10149
211,665757.1685,1410106.187,30.0795002,0.10084,-0.0175509
212,666468.7351,1410182.45,32.0477982,0.0563899,-0.127613
213,666256.9485,1409916.968,32.3263016,0.108538,-0.0787464
214,665688.0458,1409315.584,31.3808002,0.104501,-0.0755019
215,665863.6321,1408977.074,32.0139999,0.221212,0.0082756
216,665967.9923,1409812.638,31.191,0.103814,-0.0868549
217,666228.3093,1409623.091,31.7731991,0.114773,-0.0402495
218,646886.6581,1397340.97,31.3514004,0.11411,-0.119764
219,646994.2116,1397091.98,30.5531998,0.149097,-0.0635962
220,646933.1651,1397472.918,31.4575005,0.185243,-0.0404025
221,646894.9809,1397376.484,31.4937,0.0779707,-0.122749
222,646878.2716,1397258.185,31.2042999,0.129739,-0.0939184
223,646998.1553,1396985.36,31.3220005,0.14914,-0.121587
224,646674.5147,1396772.488,34.0499992,0.144065,-0.134797
225,646683.4297,1397739.727,31.5886993,0.0587897,-0.0836777
226,646768.0073,1397665.786,31.5344009,0.119791,-0.0862121
227,646672.7054,1398115.038,30.8917999,0.188772,-0.0657284
228,646659.7079,1398000.206,30.9076004,0.205877,0.0155772
229,647028.4799,1397222.031,29.0013008,0.257811,-0.0567332
230,647062.5804,1397270.754,28.9550991,0.296625,0.0182967
231,646923.6159,1397582.001,31.7821999,0.160736,-0.0807884
232,647058.1193,1397313.151,28.8446999,0.215287,-0.0643294
233,647561.3952,1397885.487,30.2754993,0.163513,-0.047633
234,647365.7453,1398031.745,31.6539001,0.100925,-0.0632742
235,647679.3521,1397871.189,28.4211998,0.376192,0.0722832
236,647609.5592,1397836.644,29.1303005,0.171613,-0.0784314
237,646889.4068,1398275.793,30.2233009,0.0622522,-0.102513
238,646734.77,1398224.453,30.7033005,0.134144,-0.087117
239,647196.3584,1397900.733,31.4326992,0.103348,-0.0697391
240,646983.8867,1398416.914,31.8183994,0.122348,-0.0967558
241,648075.4078,1398402.745,32.3754005,0.135689,-0.163362
242,647817.8264,1398200.092,30.8460007,0.240511,-0.0349364
243,647978.4362,1398588.96,31.6966991,0.133432,-0.102206
244,648158.9138,1398480.175,32.4830017,0.124541,-0.122936
245,647729.2262,1398024.667,29.8048992,0.171455,-0.120604
246,647664.998,1397935.868,28.6247997,0.392813,0.159612
247,647849.9286,1398140.517,30.4256992,0.183053,-0.0777699
248,647770.7487,1398094.985,29.5345001,0.239134,-0.104834
249,647982.6697,1399325.293,29.0172997,0.294004,-0.0014723
250,647980.8463,1399114.676,31.5974007,0.198112,-0.0453228
251,647991.7655,1399838.969,31.4008999,0.175593,-0.08219
252,647931.3804,1399670.524,30.2845993,0.155011,-0.0570893
253,647885.3795,1398699.867,29.1578007,0.337971,0.0357143
254,647898.0765,1398596.347,31.5974007,0.227313,-0.113809
255,647832.1335,1398958.538,32.0681992,0.0999647,-0.1
256,647802.9305,1398744.145,30.1660004,0.152067,0.068175
257,647720.8453,1400210.897,32.1306992,0.190779,-0.0913076
258,647579.5556,1400059.045,31.5681992,0.0943262,-0.0968686
259,647537.4496,1400376.07,32.7468987,0.0980471,-0.126604
260,647550.6005,1400299.481,32.6799011,0.174328,-0.125426
261,647998.2856,1400061.49,31.4981003,0.169802,-0.131844
262,647947.4575,1399907.613,31.3491001,0.130525,-0.115612
263,647737.994,1399999.047,31.8971004,0.124963,-0.11224
264,647906.6656,1400118.404,32.4942017,0.119797,-0.165794
265,659964.9548,1411956.783,32.6217003,0.0795953,-0.156259
266,647918.5494,1399574.579,30.2000999,0.144163,-0.0515412
267,660219.5701,1411950.903,32.6418991,0.160526,-0.163159
268,659936.4654,1411902.162,32.4067993,0.141762,-0.133721
269,648267.0636,1399117.488,32.8697014,0.177532,-0.134574
270,648013.081,1398948.286,32.4047012,0.169869,-0.0951512
271,647681.1187,1399190.899,31.9804001,0.106102,-0.0787333
272,647680.782,1399043.831,31.9512005,0.0863561,-0.140547
273,659945.8218,1411772.515,32.151001,0.100528,-0.107175
274,660039.932,1411705.898,30.3983994,0.12331,-0.140047
275,659699.2356,1411774.718,34.0633011,0.0834173,-0.185395
276,659905.0981,1412134.944,33.2575989,0.170609,-0.169455
277,659918.4434,1411826.918,32.5993996,0.173757,-0.0849918
278,659824.1076,1411882.385,33.8462982,0.113017,-0.105664
279,659930.2393,1411614.394,29.6928005,0.115461,-0.100446
280,659940.8556,1411756.628,32.151001,0.104367,-0.132899
281,667130.737,1409884.104,31.6382999,0.0998736,-0.0777181
282,666852.2209,1410056.546,31.7257996,0.194222,-0.13014
283,667624.6866,1409890.372,31.0098991,0.0535973,-0.0891635
284,667415.1078,1409910.48,32.1893997,0.111207,-0.0639395
285,666333.5593,1410203.445,30.6350002,0.191067,-0.0440967
286,666362.357,1410254.274,30.7959995,0.227732,0.0705058
287,666773.7241,1409970.077,31.1340008,0.24666,0.0279778
288,666353.8301,1410165.231,31.0618992,0.143535,-0.0350892
289,667087.3,1410103.661,31.8813992,0.205743,-0.0663064
290,667317.0031,1410321.24,31.4305992,0.059466,-0.0268817
291,667874.0346,1410115.613,32.5591011,0.221943,-0.0133679
292,667044.0707,1410113.053,31.8882008,0.133027,-0.0455446
293,667463.5947,1410097.969,32.9459,0.0537618,-0.117261
294,667575.0596,1410053.733,32.6599007,0.0502011,-0.16689
295,667279.0161,1410172.522,31.6629009,0.129724,-0.128406
296,667278.9199,1410078.991,31.6811008,0.131341,-0.147596
297,608335.3742,1342931.686,31.6807995,0.235096,-0.114083
298,608209.4611,1343028.606,32.9233017,0.148613,-0.065895
299,613131.252,1341084.094,32.1978989,0.305814,-0.0399739
300,613663.5288,1341090.451,34.4319992,0.1051,-0.153086
301,613024.0627,1341787.197,31.6580009,0.266804,-0.065919
302,613626.8289,1341587.238,34.0786018,0.155663,-0.119366
303,613366.4786,1340648.244,33.7972984,0.242479,-0.0728516
304,618591.8784,1336032.13,34.918499,0.108463,-0.177251
305,618570.2797,1336418.394,35.0633011,0.121533,-0.198278
306,617894.7833,1334934.834,33.0214005,0.308522,-0.0557763
307,606991.5392,1348158.058,32.7355995,0.160349,-0.104558
308,607130.8952,1348080.479,30.2616005,0.188219,-0.0785597
309,607004.4616,1348230.157,32.5612984,0.117614,-0.054276
310,607060.4438,1347771.728,35.4029999,0.0802521,-0.201756
311,607013.4874,1348049.666,32.2155991,0.29165,-0.0408075
312,607160.6114,1348051.145,30.4234009,0.234443,-0.0550643
313,606993.5435,1347958.506,34.1823997,0.144134,-0.176454
314,606681.5561,1348128.734,35.6609993,0.124063,-0.190844
315,606527.4541,1348848.606,33.1637001,0.15666,-0.113807
316,606733.18,1349137.66,32.4085007,0.243722,-0.015305
317,606677.3083,1349179.404,33.3843002,0.132883,-0.128037
318,606913.1436,1347753.443,35.5537987,0.110975,-0.173972
319,606575.4678,1349457.002,33.0457993,0.237617,-0.0532867
320,606637.1448,1349441.189,33.4934998,0.249918,-0.0477356
321,607804.7442,1343212.752,34.1338997,0.110541,-0.192409
322,607956.1082,1342990.76,34.3348999,0.0645042,-0.142084
323,606930.9217,1349266.89,31.7073002,0.27977,-0.0474447
324,606741.6267,1349417.106,34.5774002,0.0802711,-0.168547
325,622111.1336,1342702.347,28.3728008,0.34203,0.0134685
326,621754.4639,1342794.588,30.156601,0.362586,-0.0157887
327,597675.8391,1339630.651,33.6907997,0.182696,-0.117282
328,621069.0677,1345404.821,33.2998009,0.16559,-0.125719
329,621910.9444,1343437.718,31.0116005,0.264871,-0.0456679
330,620824.1828,1345273.765,34.5223007,0.129986,-0.142678
331,622068.274,1342931.235,27.3451004,0.314255,0.0013407
332,598653.3565,1340266.996,33.3110008,0.1271,-0.148059
333,622341.7283,1342689.415,30.4526997,0.350595,0.0264592
334,598859.9312,1340105.685,33.9037018,0.141749,-0.130585
335,621706.0563,1342981.842,31.9172001,0.177205,-0.129693
336,598900.3543,1339676.892,34.4384995,0.149074,-0.166482
337,620946.4689,1344710.693,35.3613014,0.187275,-0.120107
338,620667.882,1344817.936,35.7178993,0.160268,-0.16861
339,610061.3921,1337061.221,33.8019981,0.11814,-0.119044
340,610092.3334,1337291.705,33.5247002,0.0705326,-0.150318
341,621113.8291,1345128.639,32.9634018,0.199813,-0.138653
342,610170.84,1336755.203,34.1604996,0.118886,-0.130124
343,621250.9725,1344934.119,34.8521996,0.213784,-0.129997
344,609809.4066,1337237.386,33.8396988,0.0503428,-0.164147
345,620681.966,1345376.144,34.8744011,0.130515,-0.185086
346,610160.7118,1336935.942,33.4958992,0.0051009,-0.0968421
347,620710.6279,1345034.869,35.1839981,0.160267,-0.195205
348,610260.4232,1336856.467,34.2930984,0.0848383,-0.118721
349,610046.7124,1337488.687,33.987999,0.112687,-0.137157
350,609813.5488,1336651.002,33.5778999,0.240816,-0.0264622
351,610144.539,1335694.05,32.6217995,0.150176,-0.125999
352,610099.2452,1336261.342,33.6265984,0.134482,-0.0838132
353,610396.969,1336882.809,33.5624008,0.180455,-0.0148048
354,622109.5675,1348411.71,33.1483994,0.157567,-0.13066
355,609716.9312,1336004.194,32.7196007,0.294743,0.0179839
356,621862.6286,1348582.518,33.1930008,0.204313,-0.117182
357,609627.0718,1335671.272,33.3200989,0.16136,-0.0933674
358,622023.2166,1348182.675,30.9754009,0.25367,-0.125377
359,610675.0757,1336886.276,33.4379997,0.114231,-0.093062
360,621727.0423,1348796.512,31.6107998,0.17288,-0.122798
361,610541.0736,1336927.608,33.2867012,0.253563,-0.0655058
362,610800.4131,1336572.517,32.7649994,0.116423,-0.0594816
363,610738.1769,1336711.811,32.4695015,0.215138,-0.0197965
364,621564.9814,1348596.584,34.4715996,0.101732,-0.103976
365,621771.7057,1348235.475,34.2509003,0.14834,-0.17031
366,609984.2764,1336466.875,34.0477982,0.10673,-0.1627
367,610766.757,1337444.932,27.2092991,0.460061,0.216806
368,621387.3543,1348416.615,37.1641006,0.115033,-0.172871
369,611175.5103,1336263.681,30.4508991,0.26223,-0.0658839
370,622013.1606,1348695.185,29.3582001,0.129232,-0.20811
371,621546.9198,1348212.251,35.6325989,0.222222,-0.138194
372,610831.0469,1337283.75,28.6016998,0.355263,0.104794
373,621457.2852,1348779.629,33.4976997,0.206791,-0.0957597
374,611045.9815,1336732.145,29.5566006,0.494182,0.251665
375,610968.5711,1337078.952,29.6352997,0.338229,0.0155473
376,610869.7464,1337171.887,30.2000008,0.354982,-0.0147368
377,611238.6804,1336105.618,29.4029999,0.497498,0.191242
378,611147.9551,1336395.962,29.4400997,0.334531,0.0014378
379,611404.8376,1335892.231,28.4972992,0.46427,0.175436
380,617789.5757,1335190.833,33.1217003,0.136033,-0.0625536
381,617797.016,1335070.18,32.9165993,0.0787611,-0.136074
382,617913.3367,1335368.475,33.3666992,0.160372,-0.14719
383,619173.5628,1339366.154,34.8391991,0.158309,-0.141973
384,619376.7835,1339677.07,32.9968987,0.143103,-0.086852
385,606494.8116,1364033.271,33.2220993,0.155199,-0.0841771
386,606517.3901,1363959.136,31.3647995,0.382211,-0.0060802
387,597125.1607,1341594.096,33.8349991,0.222501,-0.106689
388,609139.6288,1361302.63,30.2229996,0.186275,-0.13228
389,620760.8765,1358842.975,33.7729988,0.141622,-0.181164
390,620563.6495,1358807.931,34.6786995,0.103459,-0.162252
391,621194.0716,1359017.222,34.5839996,0.103164,-0.174599
392,620978.7019,1358971.826,34.2266998,0.113384,-0.160992
393,625059.5583,1363425.674,33.6287994,0.116693,-0.154917
394,625282.0475,1363386.865,33.3555984,0.111443,-0.127822
395,624970.3115,1363901.902,32.4560013,0.129627,-0.118911
396,630328.0306,1364382.041,34.2489014,0.110417,-0.166752
397,630483.3561,1364472.702,34.3704987,0.0708313,-0.100376
398,630493.1273,1364206.14,33.8574982,0.0411083,-0.163961
399,630348.123,1364246.914,34.4782982,0.0849349,-0.182498
400,630370.783,1364496.678,33.9991989,0.111565,-0.0925386
401,630169.4137,1364436.94,35.3769989,0.0147601,-0.174794
402,622010.9011,1362771.82,33.9300995,0.245525,-0.0830518
403,622133.9732,1362954.747,34.6767006,0.0770224,-0.218057
404,622013.0516,1362259.72,34.5554008,0.113608,-0.194177
405,630717.1104,1364313.899,35.5671997,0.14861,-0.177074
406,630744.9396,1364112.862,34.8065987,0.0446703,-0.182087
407,630192.0641,1364504.361,35.5433006,0.102737,-0.145404
408,630570.1674,1364641.289,35.3529015,0.0888319,-0.112336
409,621370.0307,1362995.403,33.7995987,0.112489,-0.175482
410,621637.0029,1363087.832,33.3557014,0.121665,-0.171173
411,632396.9267,1363577.618,35.3683014,0.0924731,-0.201118
412,621329.2578,1362754.489,34.3149986,0.118186,-0.175324
413,621524.9147,1362322.411,34.8064995,0.0995289,-0.169591
414,621748.4759,1362221.563,33.6731987,0.135282,-0.148432
415,616971.1288,1360876.197,33.1775017,0.114027,-0.136513
416,621683.193,1362749.893,32.976799,0.162005,-0.113003
417,617312.7461,1361209.884,33.7820015,0.105356,-0.163278
418,621636.0386,1362501.566,33.0996017,0.15545,-0.0869861
419,616871.1411,1360603.723,33.8616982,0.109202,-0.173297
420,632744.6437,1363535.974,34.0276985,0.204571,-0.117807
421,616953.0514,1360811.365,32.9122009,0.184723,-0.0857893
422,632628.9414,1363674.409,34.6082001,0.0935834,-0.168926
423,632748.3434,1363310.868,34.5223007,0.12526,-0.173337
424,632746.59,1363420.854,34.5575981,0.11828,-0.181102
425,632725.2471,1363620.581,33.4888,0.192731,-0.0724132
426,632638.6024,1363609.657,34.8305016,0.128251,-0.173153
427,632840.241,1363596.281,32.9143982,0.162069,-0.109288
428,632764.6576,1363693.935,32.9701004,0.200691,-0.0284915
429,632221.7418,1361259.921,31.8565006,0.209113,-0.134791
430,632226.7021,1361352.445,30.1683998,0.252482,-0.119495
431,632763.6788,1361151.242,34.5884018,0.173004,-0.14941
432,632186.8688,1361144.041,33.0905991,0.172015,-0.13617
433,632569.985,1361325.576,33.0214005,0.117689,-0.102721
434,616914.0351,1360696.951,33.2933006,0.111152,-0.139485
435,632650.7829,1363579.615,34.7997017,0.129181,-0.170132
436,632345.1136,1361319.76,33.8969994,0.165405,-0.165017
437,632425.9818,1361367.329,33.6973991,0.230674,-0.107538
438,611230.4998,1366632.424,33.3400002,0.165246,-0.139617
439,611447.845,1366488.185,32.8698997,0.131161,-0.092187
440,611162.1749,1366086.882,33.5466003,0.155299,-0.0325991
441,611452.8903,1365996.004,33.4222984,0.133966,-0.100353
442,632811.7567,1361231.067,35.3636017,0.150745,-0.178708
443,632867.7273,1361075.473,35.7440987,0.11537,-0.183043
444,611744.847,1366339.857,34.1096992,0.100655,-0.136865
445,632486.4209,1361354.243,33.3623009,0.134118,-0.110552
446,611094.4836,1366399.924,33.1641006,0.213483,-0.0592052
447,613344.8426,1356670.967,32.1666985,0.165291,-0.0766326
448,613572.1243,1356962.129,33.4044991,0.135531,-0.147639
449,611810.384,1365954.843,33.8130989,0.0754345,-0.159619
450,611617.0093,1365996.632,33.5089989,0.112036,-0.131925
451,611142.2821,1365904.438,34.7181015,0.131458,-0.102273
452,611333.0562,1366310.155,33.2577019,0.236337,-0.0742988
453,613024.171,1356516.501,34.2729988,0.235552,-0.132783
454,613331.7208,1356937.277,32.9612999,0.115262,-0.154442
455,613023.3904,1356718.973,32.8027992,0.121375,-0.123309
456,613085.7463,1356363.847,33.6665993,0.0715019,-0.135319
457,613595.723,1356355.262,33.3666992,0.131998,-0.157907
458,613368.254,1356252.791,33.6511002,0.108235,-0.15272
459,613668.2371,1356571.951,33.6467018,0.0809203,-0.16345
