FID,Eastings,Northings,No_of_Larv,LST,NDVI,NDMI
0,667759.1603,1410456.418,70,25.5909004,0.134806,-0.0512576
1,667970.2328,1410159.893,79,25.3892994,0.188839,-0.0426211
2,668100.4408,1410251.599,80,26.0897999,0.289951,0.0263113
3,668075.4149,1410344.91,75,26.1040001,0.14367,-0.032491
4,668321.5382,1409718.525,75,25.6404991,0.197746,-0.105824
5,667913.7719,1409919.648,80,25.6478004,0.165878,-0.0614777
6,667943.9127,1410214.627,76,25.6476002,0.313187,0.0170213
7,668057.0379,1410416.025,72,25.8560009,0.31406,0.0036802
8,668227.819,1409188.189,82,25.8087006,0.183682,-0.0504722
9,668150.4281,1409221.976,95,25.9032993,0.130396,-0.143339
10,668335.4245,1408983.269,72,25.7919998,0.267491,0.0070185
11,668281.9067,1409211.257,85,26.0048008,0.226974,-0.0552918
12,668041.4255,1408902.096,85,26.1086006,0.25109,-0.0418485
13,668098.2329,1408852.982,92,26.1392994,0.26423,-0.0697177
14,668059.2377,1409214.78,85,25.8889999,0.339802,0.0049043
15,667958.5932,1409298.37,85,26.2171001,0.186349,-0.0625
16,667787.1649,1407666.149,85,23.7805996,0.293958,0.0655398
17,667716.662,1408147.305,85,26.2029991,0.182376,-0.0493479
18,668101.5346,1407822.736,85,23.8936996,0.35939,0.0225592
19,667865.2614,1407727.745,75,24.2345009,0.338272,0.0146013
20,668178.2359,1408934.218,70,26.0449009,0.18322,-0.0458617
21,668257.5892,1408986.599,74,25.9386997,0.185366,-0.0949721
22,667762.3158,1408190.739,82,26.0447998,0.328007,0.0013904
23,667814.284,1408380.636,85,25.5907001,0.336152,0.0346778
24,668034.3548,1408223.477,75,25.1704998,0.304381,0.0014819
25,667930.6214,1408030.016,75,24.3614006,0.385142,0.0333433
26,668076.1905,1408498.823,85,25.1182003,0.239866,0.0065271
27,664080.5801,1405677.042,86,26.191,0.276812,0.0190862
28,664230.3359,1405620.52,76,26.5139008,0.220413,-0.0858816
29,664246.3945,1405805.458,71,25.6616993,0.302232,-0.0490628
30,664113.3136,1405756.261,67,25.4081001,0.410448,0.0834395
31,663414.6423,1403673.808,62,26.0683994,0.390833,0.0136654
32,663390.367,1403728.706,43,25.9409008,0.338518,-0.0182222
33,663496.6934,1403607.803,65,26.0944004,0.370082,0.0680511
34,663472.7127,1403644.921,58,26.2287998,0.264085,-0.0394645
35,655750.6487,1394968.668,67,26.1746006,0.319067,-0.0875617
36,656152.8031,1395360.865,72,26,0.20774,-0.022942
37,655570.6031,1394926.349,90,26.0447998,0.289583,-0.0429808
38,655661.8312,1394893.047,75,26.5466003,0.268992,-0.0689749
39,664408.2946,1405891.321,59,25.941,0.314993,0.0033812
40,664269.6452,1405884.704,51,25.5930996,0.353488,-0.0138632
41,656143.7831,1395213.579,95,24.9606991,0.548239,0.181547
42,664321.0345,1406036.255,46,25.1467991,0.264659,0.0012699
43,654930.3112,1395151.794,69,20.8708992,0.386183,0.200772
44,654823.4349,1395160.236,150,20.6783009,0.3537,0.260828
45,655827.5067,1395906.996,65,20.9349995,0.383184,0.277471
46,655206.1372,1395106.255,77,21.8735008,0.33571,0.176497
47,655971.9205,1394744.903,60,26.2334995,0.190093,-0.0943034
48,656064.1138,1395536.049,55,25.6072006,0.452243,0.125135
49,655088.0597,1395124.095,66,21.1443005,0.488898,0.197127
50,655143.3232,1395040.367,56,21.7434006,0.528922,0.23054
51,655388.7365,1395373.311,69,21.7926006,0.322993,0.119735
52,655338.4039,1395222.984,75,22.1835995,0.517974,0.282116
53,655075.5119,1395381.279,52,20.5223999,0.178787,0.314738
54,655235.747,1395363.786,70,21.2257996,0.366126,0.111812
55,655852.92,1395394.476,48,24.8966999,0.201738,0.0023848
56,656404.0769,1395391.829,80,26.2476006,0.354591,0.0026995
57,655368.1082,1394723.726,85,25.8108006,0.28485,-0.0375764
58,655730.0035,1395253.689,50,25.8465004,0.140559,-0.0881472
59,656849.0721,1396676.152,84,22.0396004,0.512047,0.246368
60,656931.9658,1396828.161,67,22.7677994,0.396476,0.167178
61,657234.3239,1397323.503,46,22.4419003,0.42257,0.173632
62,657165.0691,1397152.404,159,22.5732994,0.442902,0.138259
63,655161.129,1394795.245,48,24.8299007,0.248451,-0.0322787
64,654999.6947,1394998.863,64,21.4715004,0.457784,0.200048
65,656836.7621,1396991.771,51,21.5084,0.361671,0.324975
66,657044.9168,1397007.43,65,23.1942997,0.313151,0.0478853
67,658319.1914,1398038.751,41,26.7154999,0.427898,0.0140216
68,658404.8711,1398141.656,52,26.3913002,0.235137,-0.0387108
69,658020.1751,1397743.407,103,26.7250004,0.365532,0.0149275
70,658153.4514,1397860.124,36,27.7882004,0.321589,0.0455806
71,657388.6893,1396733.849,40,25.6567993,0.393174,0.0338164
72,657180.7856,1396731.94,146,26.0681992,0.402827,0.019992
73,656938.1438,1397096.173,90,21.3710003,0.351776,0.27805
74,657397.8251,1396998.994,180,26.0401993,0.149738,-0.0431287
75,657777.6161,1398212.632,85,21.8342991,0.376678,0.307263
76,657795.5125,1398103.096,95,23.8862,0.490875,0.250582
77,660265.7675,1400171.332,39,25.4554005,0.445035,0.0955848
78,657966.724,1397647.865,69,26.4666004,0.236333,-0.0526316
79,657629.3078,1397644.214,39,25.6214008,0.242078,-0.0192832
80,657832.5021,1397658.533,61,26.3017998,0.291564,-0.0275187
81,657727.5472,1398013.89,60,23.0394001,0.426374,0.213325
82,657635.3035,1397959.181,58,22.2665005,0.443894,0.164141
83,659893.7615,1400326.742,64,24.7537003,0.38451,0.0433431
84,660111.2955,1400341.925,79,25.3061008,0.352016,-0.0325418
85,660181.1796,1399792.028,78,26.5935001,0.328767,-0.0049957
86,659696.5792,1400435.405,10,21.1396999,0.361616,0.27617
87,659728.8987,1399808.437,82,26.9619999,0.19199,-0.081431
88,659962.4865,1400042.84,49,25.8367996,0.272898,-0.0489412
89,659804.1097,1400228.12,29,24.7511997,0.228634,0.0235813
90,659672.4083,1400037.798,57,25.8724003,0.259852,0.0513542
91,661843.9664,1402259.447,75,26.7040005,0.237285,-0.0468311
92,661956.2876,1402137.834,61,25.1037006,0.480455,0.290227
93,661749.4628,1402426.599,91,26.5795994,0.168096,-0.0948617
94,661778.0868,1402325.465,49,26.8355007,0.167549,-0.00818
95,662356.8751,1401640.503,87,26.6805,0.379351,-0.0087205
96,662107.8767,1402021.948,52,26.6452007,0.359485,-0.04914
97,662292.5305,1401732.213,81,25.8532009,0.398713,0.0291206
98,662430.195,1401829.963,76,26.1037006,0.403212,0.0407211
99,662429.7441,1402173.789,82,25.5741005,0.361955,0.0667356
100,665163.9937,1407176.462,58,23.0226002,0.329189,0.240353
101,665172.4382,1407284.889,43,23.0079994,0.354707,0.118453
102,662028.8679,1402460.783,94,27.0977001,0.382001,0.0780356
103,661903.6993,1402465.709,79,27.4810009,0.254921,-0.0184003
104,662152.124,1402288.613,98,26.2758007,0.318008,0.0236303
105,662145.7739,1402357.593,78,26.7837009,0.308715,0.0105915
106,665505.8377,1407284.902,62,21.3903999,0.374072,0.146156
107,665494.7691,1407342.203,42,21.6529007,0.431989,0.101684
108,664880.0493,1407007.319,59,22.6632004,0.403089,0.0779661
109,665420.7757,1407266.28,49,21.4272995,0.365148,0.109935
110,665114.0622,1407381.32,62,21.4564991,0.60752,0.231472
111,665190.9714,1407400.516,81,23.2402992,0.445196,0.125823
112,665374.5036,1407332.213,52,22.5832005,0.296381,-0.0279156
113,665354.5194,1407415.463,29,23.7205009,0.228216,-0.023716
114,665293.8802,1406069.119,61,24.8416996,0.360874,0.0222655
115,665264.1014,1406174.786,45,24.4475002,0.462418,0.111871
116,665418.1902,1406124.355,35,25.3724003,0.314894,0.0118985
117,665399.1093,1406041.701,43,25.3059006,0.424794,0.0516193
118,664744.1464,1406579.552,52,25.6594009,0.327298,-0.000303
119,664698.3027,1406830.472,61,24.9181004,0.260156,-0.0575307
120,665195.3715,1406263.193,67,24.2343998,0.51466,0.122677
121,665019.5449,1406392.714,49,25.8792,0.275326,-0.0068179
122,664793.4177,1406266.52,61,24.6459007,0.542052,0.185351
123,664826.3086,1406319.235,68,24.7964001,0.474597,0.0772208
124,664452.3214,1406058.85,55,25.3061008,0.367983,0.0669968
125,664705.6337,1406272.363,59,24.8036995,0.224936,-0.0136504
126,665293.3434,1406293.999,56,24.4237995,0.260516,-0.0274411
127,665290.2939,1406191.88,43,24.5625,0.220847,-0.10488
128,664949.6672,1406279.888,56,25.4911003,0.235747,-0.0174579
129,665008.795,1406220.801,32,24.9871006,0.396193,0.0059002
130,664360.1669,1406099.186,57,24.9419994,0.24889,-0.0397862
131,664396.6589,1406250.46,49,24.3400002,0.280663,0.0025162
132,662242.9379,1402556.021,56,26.5158997,0.290698,-0.0077065
133,662283.0773,1402564.963,34,26.4405994,0.423117,0.0611606
134,664502.1363,1406310.816,85,24.8036995,0.283348,0.0392808
135,664496.1361,1406243.292,42,24.8251991,0.267545,0.0249172
136,664338.5432,1406315.226,62,23.9873009,0.317878,0.0342017
137,664448.8867,1406296.123,49,24.6653004,0.208431,-0.0466174
138,661752.4212,1402616.698,43,24.8393002,0.438158,0.0585902
139,661739.4742,1402759.99,21,22.7730999,-0.02124,0.313559
140,662003.5402,1402576.042,58,26.9456997,0.239036,-0.0368118
141,661750.6389,1402554.859,28,25.5004997,0.341562,0.0709833
142,661996.0183,1402787.694,28,26.5300007,0.343578,-0.045887
143,662306.253,1402671.817,49,26.5911999,0.207959,-0.0817144
144,661805.273,1402788.931,56,23.6142006,0.516848,0.151401
145,661846.9229,1402802.822,43,24.9920998,0.198492,0.115009
146,663248.0782,1403718.22,31,25.6285992,0.23893,-0.0535714
147,663261.2852,1403637.626,26,25.3985996,0.288824,-0.0059172
148,663345.4201,1403753.275,43,25.7138996,0.358251,0.0242294
149,663260.5228,1403764.544,43,25.6996994,0.211198,-0.0768748
150,663294.9175,1403583.048,34,25.3796005,0.216406,0.0015272
151,662099.6059,1402614.839,42,26.5606003,0.311515,0.0137282
152,663292.6918,1403675.917,49,25.6025009,0.330719,-0.0631902
153,663310.9636,1403638.217,65,25.5289993,0.442623,0.0595415
154,659064.3894,1410825.106,71,28.2367001,0.291594,-0.0203723
155,659106.7196,1410977.284,84,27.9650993,0.280408,-0.0375824
156,658957.4333,1410709.445,89,26.9032993,0.201072,-0.098462
157,659116.9706,1410712.807,102,24.4050999,-0.0201385,0.205108
158,659101.6196,1411052.677,128,28.2411995,0.27631,-0.0688784
159,659209.7686,1411168.732,5,28.6462002,0.28866,-0.0647913
160,659146.4165,1410939.737,188,27.1912994,0.260995,0.026602
161,659146.4576,1410997.586,235,27.3803997,0.417171,0.0782876
162,658060.9947,1409683.636,74,23.3904991,-0.0895569,-0.0173913
163,657947.1165,1409804.504,54,27.7558002,0.2523,-0.0848203
164,657818.2304,1409635.292,88,25.4484997,0.174444,-0.0515931
165,657929.4208,1409642.412,56,23.5231991,-0.109424,0.0140439
166,658928.9456,1410830.091,68,28.5121002,0.299264,-0.0530393
167,658937.014,1410750.857,159,27.2050991,0.452622,0.110018
168,657843.6701,1409846.206,202,27.7210007,0.244608,-0.0519517
169,657870.6634,1409893.052,156,28.1718006,0.195808,-0.0610654
170,656739.4966,1408955.471,62,26.5725994,0.168666,-0.103708
171,658350.0368,1410370.228,49,29.4132004,0.171714,-0.11475
172,656836.5324,1408774.677,49,26.7626991,0.17489,-0.0790746
173,656806.9898,1408889.724,66,27.5205994,0.202294,-0.121393
174,657818.8486,1409723.459,189,26.6711998,0.219886,-0.0944562
175,657844.5897,1409649.407,286,25.1968002,0.215101,-0.0674298
176,657608.1996,1409688.103,64,27.5930004,0.359685,-0.0114355
177,657773.5112,1409855.325,67,27.4554005,0.169378,-0.0755483
178,656786.6558,1408632.476,72,25.7542,0.284121,-0.0648228
179,656896.8871,1408596.604,84,25.7730007,0.378029,-0.0121773
180,656592.443,1408802.633,51,25.7775993,0.400683,0.0618523
181,656642.1708,1408714.665,46,25.2535992,0.397899,0.0376399
182,657073.2887,1408749.42,58,26.5112991,0.287129,-0.104606
183,656909.4975,1408786.317,71,26.7978001,0.362976,-0.0349629
184,656961.091,1408556.447,95,25.5576,0.224318,-0.0250883
185,657167.4532,1408616.732,37,22.9015999,0.109392,0.242574
186,655644.3574,1406723.7,111,25.9787006,0.357592,0.0294669
187,655556.0024,1406658.171,26,26.9503002,0.265246,-0.103603
188,655608.1198,1406864.303,49,28.4080009,0.326914,-0.0736186
189,655755.1898,1406786.125,53,24.5988007,-0.120723,0.0126394
190,655562.3225,1406900.112,49,28.9482994,0.363165,0.011063
191,656657.5609,1408897.826,37,26.4643002,0.370462,0.0405638
192,655522.608,1406742.027,52,28.1182003,0.324637,-0.0061563
193,655526.609,1406801.709,71,28.2621002,0.255319,-0.0458221
194,666066.3277,1408834.245,85,25.4531994,0.259361,0.0054782
195,655822.2326,1407433.831,43,28.1460991,0.256688,-0.124056
196,666313.1412,1408606.905,85,25.7045002,0.313825,0.0811377
197,665948.3483,1409970.574,75,26.5303993,0.280401,0.0231872
198,655930.8671,1407424.49,61,27.0977993,0.255474,-0.0089219
199,655905.3201,1407482.604,42,26.1651993,0.240481,-0.0127592
200,655787.3882,1407348.465,38,28.6623993,0.27468,-0.0951473
201,655917.9918,1407362.868,65,27.8675003,0.187416,-0.0788006
202,665669.4493,1409150.155,85,24.4309998,0.169469,0.0311808
203,665618.1408,1408921.168,65,25.5053997,0.257382,0.0355068
204,665925.9438,1409104.821,85,24.7273998,0.423868,0.0648202
205,665900.1621,1409200.044,70,25.0825996,0.213034,0.0293255
206,666318.1744,1409057.479,70,26.8917999,0.29077,0.0676424
207,666769.1045,1409718.706,75,26.4055004,0.2527,-0.0418502
208,665943.8652,1408855.253,73,25.9480991,0.181838,-0.0542391
209,666028.5798,1408854.188,70,25.7066994,0.324844,0.0761708
210,666226.8983,1410055.998,85,26.7674999,0.233921,-0.0503475
211,665757.1685,1410106.187,95,24.7633991,0.271617,0.0637515
212,666468.7351,1410182.45,65,26.5513992,0.226905,-0.0767259
213,666256.9485,1409916.968,85,27.4834003,0.200177,-0.0127365
214,665688.0458,1409315.584,85,25.3537006,0.176812,-0.0288741
215,665863.6321,1408977.074,80,26.0638008,0.350539,0.0558276
216,665967.9923,1409812.638,75,26.1819,0.0946732,-0.0995025
217,666228.3093,1409623.091,75,26.4573002,0.245771,-0.0043193
218,646886.6581,1397340.97,19,24.6508999,0.163768,-0.0373064
219,646994.2116,1397091.98,54,22.2567005,0.414088,0.259259
220,646933.1651,1397472.918,61,25.1515007,0.290177,0.0040235
221,646894.9809,1397376.484,28,24.7847004,0.17836,-0.0505002
222,646878.2716,1397258.185,46,24.2105007,0.33893,0.0518036
223,646998.1553,1396985.36,72,21.1812992,0.359252,0.255827
224,646674.5147,1396772.488,58,24.5718994,0.439778,0.0894427
225,646683.4297,1397739.727,20,27.2173004,0.0950109,-0.106492
226,646768.0073,1397665.786,47,26.8567009,0.169727,-0.0813481
227,646672.7054,1398115.038,32,26.9456997,0.233184,-0.073698
228,646659.7079,1398000.206,38,26.9199009,0.20433,0.0598139
229,647028.4799,1397222.031,34,21.5844994,0.309436,0.325066
230,647062.5804,1397270.754,59,21.2994003,0.455172,0.313911
231,646923.6159,1397582.001,41,25.8794994,0.231985,-0.0364083
232,647058.1193,1397313.151,38,21.3610001,0.410418,0.245683
233,647561.3952,1397885.487,51,23.1821003,0.375015,0.112677
234,647365.7453,1398031.745,66,26.9832001,0.12065,-0.0727419
235,647679.3521,1397871.189,19,21.3511009,0.271958,0.215418
236,647609.5592,1397836.644,44,21.7243004,0.114035,0.197244
237,646889.4068,1398275.793,50,27.2336998,0.0825143,-0.0995487
238,646734.77,1398224.453,29,27.1072998,0.162713,-0.0895999
239,647196.3584,1397900.733,79,26.8167,0.148044,-0.0462896
240,646983.8867,1398416.914,44,27.0907993,0.157251,-0.0642061
241,648075.4078,1398402.745,33,25.5480995,0.236036,-0.0528305
242,647817.8264,1398200.092,33,23.066,0.442567,0.161975
243,647978.4362,1398588.96,91,25.3631001,0.189228,-0.0582697
244,648158.9138,1398480.175,80,25.7021008,0.307438,0.0010255
245,647729.2262,1398024.667,28,21.5279007,0.611922,0.359346
246,647664.998,1397935.868,50,21.7851009,0.52598,0.26867
247,647849.9286,1398140.517,39,21.8855,0.465129,0.227654
248,647770.7487,1398094.985,48,21.6898003,0.368669,0.20181
249,647982.6697,1399325.293,87,21.8637009,0.414553,0.265421
250,647980.8463,1399114.676,51,23.0491009,0.389966,0.0893582
251,647991.7655,1399838.969,61,22.1716995,0.2227,0.336676
252,647931.3804,1399670.524,40,22.4372997,0.2687,0.217353
253,647885.3795,1398699.867,88,22.9375992,0.416747,0.20441
254,647898.0765,1398596.347,92,24.7152996,0.529952,0.178225
255,647832.1335,1398958.538,59,25.0445004,0.162587,-0.0192833
256,647802.9305,1398744.145,51,23.5107002,0.489111,0.246125
257,647720.8453,1400210.897,78,24.5741997,0.542634,0.18199
258,647579.5556,1400059.045,71,25.0109997,0.33033,0.0185371
259,647537.4496,1400376.07,89,25.5930004,0.423337,0.0336134
260,647550.6005,1400299.481,95,25.3509998,0.360544,0.0798837
261,647998.2856,1400061.49,59,22.8603001,0.177944,0.283972
262,647947.4575,1399907.613,25,22.7266006,0.242645,0.181706
263,647737.994,1399999.047,16,23.9078999,0.406176,0.121309
264,647906.6656,1400118.404,55,23.8743992,0.374796,-0.0300676
265,659964.9548,1411956.783,89,28.2621002,0.289416,-0.0323006
266,647918.5494,1399574.579,67,23.0998993,0.312827,0.109028
267,660219.5701,1411950.903,91,28.1369991,0.139776,-0.128691
268,659936.4654,1411902.162,57,27.3292999,0.20676,-0.09154
269,648267.0636,1399117.488,25,22.8262005,0.26657,0.0643291
270,648013.081,1398948.286,77,23.2066002,0.0744849,0.0094919
271,647681.1187,1399190.899,57,24.6222,0.283345,0.0264588
272,647680.782,1399043.831,55,25.1205006,0.242559,0.0121642
273,659945.8218,1411772.515,68,26.7322998,0.204311,-0.0942249
274,660039.932,1411705.898,41,24.4360008,-0.0298314,-0.092233
275,659699.2356,1411774.718,58,29.4705009,0.141624,-0.134315
276,659905.0981,1412134.944,25,29.3395996,0.199109,-0.111062
277,659918.4434,1411826.918,64,27.1189003,0.27491,-0.0676321
278,659824.1076,1411882.385,71,27.9211006,0.239458,-0.0443999
279,659930.2393,1411614.394,35,24.2180004,0.0026954,-0.0041642
280,659940.8556,1411756.628,57,26.7322998,0.255027,-0.0937294
281,667130.737,1409884.104,80,25.6714001,0.254663,-0.0035865
282,666852.2209,1410056.546,75,25.4958,0.196599,-0.0239251
283,667624.6866,1409890.372,85,26.0259991,0.115264,-0.0370245
284,667415.1078,1409910.48,75,25.5695,0.250274,0.0010537
285,666333.5593,1410203.445,71,24.9776993,0.408649,0.0774949
286,666362.357,1410254.274,70,25.2751007,0.348263,0.122887
287,666773.7241,1409970.077,82,25.3202,0.511661,0.0927232
288,666353.8301,1410165.231,75,25.6784992,0.148825,-0.0525095
289,667087.3,1410103.661,90,26.1345997,0.171558,-0.0365099
290,667317.0031,1410321.24,75,26.2196007,0.168904,-0.0051603
291,667874.0346,1410115.613,85,24.9776993,0.258831,0.0431619
292,667044.0707,1410113.053,85,26.0898991,0.143119,-0.0473282
293,667463.5947,1410097.969,85,25.4060001,0.0763175,0.0256303
294,667575.0596,1410053.733,71,25.8157005,0.167891,-0.106788
295,667279.0161,1410172.522,75,25.4580002,0.338296,0.0328758
296,667278.9199,1410078.991,82,25.5671005,0.169094,-0.0918334
297,608335.3742,1342931.686,6,24.6007004,0.285068,-0.021677
298,608209.4611,1343028.606,9,25.8204002,0.254345,-0.0545253
299,613131.252,1341084.094,70,23.7320995,0.564619,0.208204
300,613663.5288,1341090.451,45,24.8990002,0.228159,-0.0807181
301,613024.0627,1341787.197,55,22.5976009,0.479098,0.197047
302,613626.8289,1341587.238,95,23.8262005,0.390684,0.0172084
303,613366.4786,1340648.244,35,24.2870998,0.371201,0.0343083
304,618591.8784,1336032.13,15,24.6054993,0.341624,-0.0504816
305,618570.2797,1336418.394,45,24.1096992,0.508429,0.0774838
306,617894.7833,1334934.834,36,23.8071003,0.373569,-0.0048393
307,606991.5392,1348158.058,10,27.2940998,0.244562,-0.0841027
308,607130.8952,1348080.479,7,26.7789001,0.452878,0.0957009
309,607004.4616,1348230.157,13,27.1492004,0.486468,0.0969614
310,607060.4438,1347771.728,12,26.5345001,0.416918,0.0078797
311,607013.4874,1348049.666,18,26.9174004,0.40202,0.0658156
312,607160.6114,1348051.145,6,26.3299999,0.451802,0.0901532
313,606993.5435,1347958.506,9,26.1672993,0.44036,0.023909
314,606681.5561,1348128.734,10,25.1891003,0.626214,0.244967
315,606527.4541,1348848.606,9,28.0160999,0.302748,-0.020415
316,606733.18,1349137.66,20,28.3127995,0.485136,0.0197471
317,606677.3083,1349179.404,15,27.4477997,0.475456,0.110599
318,606913.1436,1347753.443,12,27.2071991,0.283512,-0.0073151
319,606575.4678,1349457.002,9,27.5065002,0.261291,-0.0110715
320,606637.1448,1349441.189,9,27.4297009,0.314375,-0.004663
321,607804.7442,1343212.752,6,26.6403999,0.317083,-0.0684741
322,607956.1082,1342990.76,9,25.7942009,0.424259,0.0404852
323,606930.9217,1349266.89,12,26.4333992,0.448059,0.133121
324,606741.6267,1349417.106,7,26.7224998,0.369306,0.0592764
325,622111.1336,1342702.347,8,25.0489998,0.522434,0.169076
326,621754.4639,1342794.588,6,27.0835991,0.457433,0.017398
327,597675.8391,1339630.651,8,28.6805992,0.388619,-0.0122945
328,621069.0677,1345404.821,1,25.1035995,0.416065,0.088859
329,621910.9444,1343437.718,17,24.5576992,0.260961,0.0195261
330,620824.1828,1345273.765,3,25.8649998,0.49652,0.0906324
331,622068.274,1342931.235,4,24.3759995,0.398389,-0.0456698
332,598653.3565,1340266.996,5,28.1714001,0.348391,-0.0603148
333,622341.7283,1342689.415,12,24.3495007,0.284857,-0.0145184
334,598859.9312,1340105.685,6,28.1133995,0.318694,-0.0206301
335,621706.0563,1342981.842,2,26.2378998,0.525969,0.124032
336,598900.3543,1339676.892,5,27.6133995,0.383178,0.0351259
337,620946.4689,1344710.693,4,26.5979004,0.56485,0.151604
338,620667.882,1344817.936,7,27.3150005,0.461578,0.0227355
339,610061.3921,1337061.221,45,27.4951,0.282925,-0.0270951
340,610092.3334,1337291.705,45,27.1469002,0.11396,-0.126982
341,621113.8291,1345128.639,6,24.8628006,0.550331,0.149237
342,610170.84,1336755.203,89,26.9923992,0.279382,-0.0568125
343,621250.9725,1344934.119,5,25.7488003,0.567341,0.157732
344,609809.4066,1337237.386,35,26.0447998,0.296802,0.0034648
345,620681.966,1345376.144,19,26.3512001,0.362663,-0.0510618
346,610160.7118,1336935.942,56,27.5487995,0.150127,-0.0721861
347,620710.6279,1345034.869,4,26.4923,0.378394,-0.0222668
348,610260.4232,1336856.467,50,27.4622002,0.202844,-0.0511742
349,610046.7124,1337488.687,75,26.4948006,0.272961,-0.0453814
350,609813.5488,1336651.002,85,26.7392006,0.268478,0.0068528
351,610144.539,1335694.05,53,25.7945004,0.177162,-0.0468438
352,610099.2452,1336261.342,85,26.3087997,0.385085,0.0370612
353,610396.969,1336882.809,126,28.3087006,0.155612,-0.0014695
354,622109.5675,1348411.71,14,27.7975998,0.28203,-0.0679878
355,609716.9312,1336004.194,52,25.4764996,0.465993,0.113689
356,621862.6286,1348582.518,11,27.3384991,0.267522,-0.0569189
357,609627.0718,1335671.272,65,25.7777004,0.321987,0.0544446
358,622023.2166,1348182.675,13,27.6091003,0.286608,-0.0657689
359,610675.0757,1336886.276,45,26.8519993,0.142231,-0.0910359
360,621727.0423,1348796.512,6,26.1133003,0.197485,-0.120945
361,610541.0736,1336927.608,69,27.5580006,0.144109,-0.0539453
362,610800.4131,1336572.517,85,26.9176006,0.257598,-0.0180791
363,610738.1769,1336711.811,65,26.948,0.175569,-0.0001917
364,621564.9814,1348596.584,13,26.7486,0.220553,-0.0674451
365,621771.7057,1348235.475,5,27.6462994,0.314425,-0.0506799
366,609984.2764,1336466.875,98,26.3584003,0.313604,0.0310978
367,610766.757,1337444.932,46,22.7922001,0.418692,0.305619
368,621387.3543,1348416.615,4,26.9032001,0.45142,0.0320638
369,611175.5103,1336263.681,65,23.2542992,0.434438,0.115182
370,622013.1606,1348695.185,16,25.2542,0.0977444,0.0558192
371,621546.9198,1348212.251,3,26.8936996,0.330351,-0.0015108
372,610831.0469,1337283.75,258,22.6415005,0.567212,0.244961
373,621457.2852,1348779.629,3,25.7677994,0.542652,0.167661
374,611045.9815,1336732.145,215,23.2982998,0.234707,0.1207
375,610968.5711,1337078.952,189,22.1763992,0.225926,0.0974801
376,610869.7464,1337171.887,45,23.0566006,0.318425,0.131046
377,611238.6804,1336105.618,69,22.7049999,0.175551,0.149409
378,611147.9551,1336395.962,45,23.2882996,0.53075,0.243824
379,611404.8376,1335892.231,25,21.9372005,0.501005,0.261583
380,617789.5757,1335190.833,26,24.5028,0.326805,-0.0447656
381,617797.016,1335070.18,19,24.5769997,0.185256,-0.102573
382,617913.3367,1335368.475,20,24.3495007,0.425849,0.0361228
383,619173.5628,1339366.154,5,25.0585003,0.414345,0.0272423
384,619376.7835,1339677.07,5,26.3160992,0.209406,-0.0652588
385,606494.8116,1364033.271,25,23.9848995,0.127903,0.0457992
386,606517.3901,1363959.136,30,23.2933998,0.395142,0.244493
387,597125.1607,1341594.096,4,28.3936996,0.436537,0.0480797
388,609139.6288,1361302.63,50,23.5492992,0.326765,0.182721
389,620760.8765,1358842.975,65,25.2583008,0.381364,-0.0185694
390,620563.6495,1358807.931,27,24.5767002,0.338943,-0.026881
391,621194.0716,1359017.222,50,26.4712009,0.32819,-0.0346513
392,620978.7019,1358971.826,60,24.6889992,0.403705,-0.0042787
393,625059.5583,1363425.674,12,23.9654999,0.374297,0.0530504
394,625282.0475,1363386.865,15,24.9419003,0.296466,0.020288
395,624970.3115,1363901.902,20,25.0921001,0.245739,-0.0056796
396,630328.0306,1364382.041,18,29.0014992,0.208241,-0.129682
397,630483.3561,1364472.702,20,29.9148998,0.184646,-0.0156348
398,630493.1273,1364206.14,16,28.2688999,0.275718,-0.015163
399,630348.123,1364246.914,9,28.1714993,0.345102,-0.022607
400,630370.783,1364496.678,40,29.3258991,0.210015,-0.0260223
401,630169.4137,1364436.94,20,27.5926991,0.277822,-0.0509415
402,622010.9011,1362771.82,6,26.3110008,0.288385,0.0237369
403,622133.9732,1362954.747,9,26.5088997,0.224764,-0.102943
404,622013.0516,1362259.72,8,25.1345005,0.454771,0.0106169
405,630717.1104,1364313.899,15,27.9719009,0.298254,-0.0534428
406,630744.9396,1364112.862,25,28.9715004,0.25455,-0.0814565
407,630192.0641,1364504.361,12,27.7418003,0.436497,0.0580885
408,630570.1674,1364641.289,15,28.7525997,0.244584,-0.0376024
409,621370.0307,1362995.403,4,25.6686993,0.411017,-0.0121626
410,621637.0029,1363087.832,5,25.8936005,0.393516,0.0164259
411,632396.9267,1363577.618,20,30.4284,0.219566,-0.110978
412,621329.2578,1362754.489,8,25.6592007,0.41117,-0.0142756
413,621524.9147,1362322.411,4,24.4025993,0.31213,0.0121088
414,621748.4759,1362221.563,5,25.3768997,0.52329,0.0950226
415,616971.1288,1360876.197,6,25.8320999,0.324959,0.0140268
416,621683.193,1362749.893,3,26.4995003,0.223464,-0.0297468
417,617312.7461,1361209.884,2,27.2194004,0.285981,-0.0524721
418,621636.0386,1362501.566,10,26.007,0.223101,-0.05256
419,616871.1411,1360603.723,9,26.4193993,0.400911,0.0317877
420,632744.6437,1363535.974,45,28.1807003,0.467573,0.100509
421,616953.0514,1360811.365,5,25.8367996,0.414355,0.0419591
422,632628.9414,1363674.409,12,28.3659992,0.33169,-0.0091687
423,632748.3434,1363310.868,45,27.0387993,0.461728,0.0937644
424,632746.59,1363420.854,18,27.2374992,0.426862,0.0848627
425,632725.2471,1363620.581,16,28.6368999,0.358472,0
426,632638.6024,1363609.657,10,28.2987003,0.494441,0.0973506
427,632840.241,1363596.281,23,28.3477001,0.256836,-0.0413547
428,632764.6576,1363693.935,14,28.6415005,0.392474,0.0114027
429,632221.7418,1361259.921,55,26.4053993,0.256771,-0.0436172
430,632226.7021,1361352.445,26,25.2705002,0.24822,0.12304
431,632763.6788,1361151.242,57,27.1021004,0.351617,-0.0141486
432,632186.8688,1361144.041,9,26.8470001,0.348456,-0.0579604
433,632569.985,1361325.576,14,27.7045002,0.315112,-0.0415629
434,616914.0351,1360696.951,60,25.6900005,0.324042,0.0021719
435,632650.7829,1363579.615,16,28.1711998,0.499583,0.086319
436,632345.1136,1361319.76,8,26.5202999,0.501068,0.0938521
437,632425.9818,1361367.329,5,26.6026993,0.334539,0.0047652
438,611230.4998,1366632.424,21,27.7625999,0.320453,-0.0245481
439,611447.845,1366488.185,31,27.9186993,0.255503,-0.0447874
440,611162.1749,1366086.882,28,27.3174,0.393881,0.065758
441,611452.8903,1365996.004,19,27.1725998,0.318914,0.0172382
442,632811.7567,1361231.067,16,26.8397007,0.415826,0.0133162
443,632867.7273,1361075.473,25,27.5156002,0.427331,0.0061211
444,611744.847,1366339.857,26,27.2357998,0.284906,-0.0085532
445,632486.4209,1361354.243,8,27.2262001,0.246704,-0.0142929
446,611094.4836,1366399.924,29,26.8959999,0.521843,0.133357
447,613344.8426,1356670.967,30,26.6170006,0.278206,-0.0187826
448,613572.1243,1356962.129,20,26.6660004,0.614786,0.243446
449,611810.384,1365954.843,17,26.3913994,0.153391,-0.084989
450,611617.0093,1365996.632,14,26.1979008,0.458198,0.115702
451,611142.2821,1365904.438,19,25.6161995,0.532002,0.209332
452,611333.0562,1366310.155,23,28.0718994,0.276816,-0.0423343
453,613024.171,1356516.501,15,26.0918007,0.48913,0.0913114
454,613331.7208,1356937.277,12,26.1861992,0.447602,0.0581589
455,613023.3904,1356718.973,20,26.5534,0.50055,0.120053
456,613085.7463,1356363.847,21,26.5981007,0.43878,0.035375
457,613595.723,1356355.262,32,26.8187008,0.371441,-0.0237986
458,613368.254,1356252.791,18,27.2705994,0.344116,-0.0312883
459,613668.2371,1356571.951,20,27.2448997,0.320241,-0.0218957
